transaction_id,transaction_date,transaction_amount,account_number,category_id
1,9/14/2023,2879.99,1293812389,21001000
2,3/15/2024,504.07,1293812389,22014000
3,12/13/2023,2652.03,1293812389,19011000
4,2/27/2024,641.65,1293812389,17018000
5,3/20/2024,2169.46,1293812389,17007000
6,4/17/2024,2886.59,1293812389,21001000
7,9/16/2023,2936.18,1293812389,18009000
8,8/11/2023,2243.59,1293812389,22016000
9,2/3/2024,2808.2,1293812389,19019000
10,9/10/2023,2836.18,1293812389,18030000
11,11/14/2023,2735.93,1293812389,21001000
12,4/8/2024,2445.95,1293812389,17006001
13,4/12/2024,573.66,1293812389,22009000
14,4/25/2024,1051.92,1293812389,19019000
15,10/6/2023,456.0,1293812389,22014000
16,7/31/2023,260.92,1293812389,19001000
17,1/17/2024,536.56,1293812389,17007000
18,9/10/2023,2322.92,1293812389,20015000
19,9/1/2023,934.01,1293812389,22014000
20,12/18/2023,229.17,1293812389,20015000
21,5/16/2024,587.11,1293812389,19001000
22,4/22/2024,111.11,1293812389,18009000
23,1/7/2024,2612.36,1293812389,18004000
24,1/23/2024,1862.89,1293812389,19013000
25,7/12/2023,188.38,1293812389,18030000
26,5/4/2024,158.88,1293812389,17006001
27,11/3/2023,266.44,1293812389,19011000
28,1/25/2024,1819.71,1293812389,17007000
29,5/8/2024,2847.61,1293812389,17007000
30,3/11/2024,952.12,1293812389,17007000
31,12/12/2023,1899.97,1293812389,22016000
32,8/13/2023,796.81,1293812389,19019000
33,9/15/2023,1492.75,1293812389,20015000
34,8/9/2023,1846.02,1293812389,19001000
35,8/2/2023,1380.52,1293812389,17007000
36,12/15/2023,863.11,1293812389,19001000
37,5/11/2024,1587.83,1293812389,22009000
38,10/4/2023,1814.28,1293812389,20015000
39,8/29/2023,392.28,1293812389,19011000
40,7/10/2023,1191.91,1293812389,22009000
41,9/18/2023,2091.49,1293812389,21001000
42,9/11/2023,45.19,1293812389,20015000
43,9/21/2023,1292.87,1293812389,17006001
44,2/25/2024,2372.49,1293812389,18009000
45,2/20/2024,1501.26,1293812389,19019000
46,11/30/2023,1197.26,1293812389,13005032
47,3/17/2024,1864.29,1293812389,13005032
48,4/10/2024,1311.24,1293812389,17018000
49,9/27/2023,2278.55,1293812389,13005032
50,1/8/2024,2190.05,1293812389,21001000
51,9/10/2023,1952.57,1293812389,21001000
52,4/1/2024,2992.6,1293812389,17006001
53,3/26/2024,1627.38,1293812389,20015000
54,2/24/2024,298.83,1293812389,22016000
55,1/13/2024,263.1,1293812389,17006001
56,1/28/2024,462.56,1293812389,17007000
57,2/13/2024,1691.81,1293812389,19013000
58,9/26/2023,1870.65,1293812389,13005032
59,1/23/2024,2740.1,1293812389,19019000
60,10/28/2023,357.56,1293812389,13005032
61,11/4/2023,1845.63,1293812389,19011000
62,5/17/2024,935.19,1293812389,18009000
63,5/8/2024,1898.84,1293812389,19001000
64,2/14/2024,1931.84,1293812389,19013000
65,7/26/2023,2743.12,1293812389,22016000
66,5/16/2024,169.84,1293812389,19011000
67,12/23/2023,2947.73,1293812389,20015000
68,1/31/2024,2568.64,1293812389,22009000
69,2/3/2024,324.65,1293812389,17007000
70,9/21/2023,2662.83,1293812389,17006001
71,9/25/2023,1034.47,1293812389,19019000
72,11/12/2023,2961.91,1293812389,18004000
73,1/23/2024,2149.38,1293812389,22009000
74,11/6/2023,1986.58,1293812389,22014000
75,4/14/2024,2462.84,1293812389,19001000
76,2/5/2024,2309.14,1293812389,18004000
77,2/18/2024,2513.36,1293812389,21001000
78,5/5/2024,1389.53,1293812389,17006001
79,8/23/2023,749.86,1293812389,19013000
80,9/5/2023,1867.55,1293812389,20015000
81,5/3/2024,1039.53,1293812389,18009000
82,9/3/2023,2714.89,1293812389,19013000
83,3/29/2024,2915.69,1293812389,19019000
84,11/9/2023,543.49,1293812389,19013000
85,8/2/2023,819.86,1293812389,18009000
86,4/14/2024,1304.7,1293812389,19019000
87,12/26/2023,2005.76,1293812389,18009000
88,11/1/2023,1672.84,1293812389,13005032
89,2/26/2024,2081.43,1293812389,18030000
90,1/25/2024,598.22,1293812389,19011000
91,7/23/2023,2335.1,1293812389,19019000
92,7/25/2023,1799.25,1293812389,17018000
93,4/16/2024,123.8,1293812389,18030000
94,9/12/2023,2849.85,1293812389,19019000
95,11/22/2023,1079.45,1293812389,19019000
96,11/7/2023,13.34,1293812389,18004000
97,4/28/2024,775.46,1293812389,21001000
98,8/15/2023,1763.52,1293812389,17018000
99,11/30/2023,2615.43,1293812389,22016000
100,1/5/2024,357.02,1293812389,19019000
101,2/21/2024,2986.56,1293812389,20015000
102,7/29/2023,1351.22,1293812389,17007000
103,1/8/2024,2142.33,1293812389,20015000
104,10/17/2023,1064.48,1293812389,18004000
105,12/2/2023,2682.2,1293812389,20015000
106,2/28/2024,1948.11,1293812389,18004000
107,10/28/2023,890.65,1293812389,19019000
108,10/27/2023,2430.23,1293812389,21001000
109,12/21/2023,682.2,1293812389,17006001
110,3/17/2024,1832.43,1293812389,22014000
111,11/30/2023,2886.21,1293812389,17007000
112,4/10/2024,122.71,1293812389,22016000
113,5/1/2024,476.72,1293812389,20015000
114,8/28/2023,2106.28,1293812389,17018000
115,10/6/2023,2935.13,1293812389,18030000
116,7/10/2023,2851.95,1293812389,19001000
117,3/1/2024,197.35,1293812389,19013000
118,10/2/2023,566.1,1293812389,19001000
119,10/5/2023,602.48,1293812389,18004000
120,2/14/2024,1219.55,1293812389,20015000
121,1/1/2024,2941.33,1293812389,19001000
122,2/7/2024,2436.57,1293812389,18004000
123,1/10/2024,898.15,1293812389,18030000
124,5/12/2024,2316.42,1293812389,19019000
125,8/27/2023,202.49,1293812389,13005032
126,1/2/2024,2027.78,1293812389,19001000
127,12/30/2023,1785.5,1293812389,18004000
128,8/21/2023,691.31,1293812389,19011000
129,9/21/2023,424.5,1293812389,17007000
130,11/19/2023,1731.22,1293812389,17006001
131,11/18/2023,689.39,1293812389,18030000
132,1/16/2024,2149.57,1293812389,22016000
133,1/25/2024,1677.03,1293812389,13005032
134,2/24/2024,2624.34,1293812389,17018000
135,7/8/2023,2426.86,1293812389,19013000
136,10/21/2023,1042.77,1293812389,19013000
137,8/21/2023,1303.08,1293812389,22014000
138,4/13/2024,279.6,1293812389,19001000
139,10/14/2023,919.51,1293812389,17006001
140,4/24/2024,747.22,1293812389,21001000
141,1/21/2024,854.83,1293812389,22016000
142,4/19/2024,106.35,1293812389,19011000
143,10/3/2023,2277.41,1293812389,22016000
144,7/14/2023,2840.81,1293812389,13005032
145,9/25/2023,873.53,1293812389,17018000
146,10/10/2023,2233.12,1293812389,19011000
147,9/9/2023,1411.63,1293812389,22014000
148,9/15/2023,1379.96,1293812389,20015000
149,3/31/2024,2624.87,1293812389,19019000
150,10/15/2023,1425.35,1293812389,19019000
151,4/25/2024,1352.02,1293812389,20015000
152,1/16/2024,1881.69,1293812389,18004000
153,8/13/2023,1280.36,1293812389,22009000
154,10/19/2023,339.48,1293812389,19013000
155,9/25/2023,167.22,1293812389,19013000
156,8/26/2023,1139.25,1293812389,18004000
157,10/20/2023,974.18,1293812389,18030000
158,11/28/2023,2430.6,1293812389,19011000
159,7/15/2023,2046.06,1293812389,22014000
160,3/7/2024,1850.99,1293812389,19001000
161,3/29/2024,349.73,1293812389,17007000
162,11/3/2023,2576.05,1293812389,17006001
163,3/23/2024,1496.95,1293812389,21001000
164,11/20/2023,869.92,1293812389,13005032
165,8/7/2023,968.3,1293812389,22009000
166,1/11/2024,247.63,1293812389,18009000
167,10/16/2023,1762.53,1293812389,17018000
168,9/27/2023,2023.83,1293812389,22016000
169,10/25/2023,2597.09,1293812389,22014000
170,8/13/2023,2668.02,1293812389,22014000
171,11/2/2023,2538.94,1293812389,18004000
172,2/13/2024,2230.61,1293812389,17007000
173,11/25/2023,664.08,1293812389,19013000
174,3/31/2024,2897.44,1293812389,18030000
175,9/8/2023,1600.05,1293812389,13005032
176,9/3/2023,1122.85,1293812389,18030000
177,3/31/2024,26.71,1293812389,22014000
178,3/30/2024,898.29,1293812389,19011000
179,8/28/2023,2382.38,1293812389,17006001
180,3/25/2024,1975.69,1293812389,17006001
181,11/29/2023,901.0,1293812389,17007000
182,3/29/2024,1360.12,1293812389,17007000
183,8/6/2023,2811.98,1293812389,19019000
184,5/10/2024,415.7,1293812389,20015000
185,8/4/2023,2761.79,1293812389,18004000
186,2/19/2024,1680.77,1293812389,19019000
187,4/23/2024,148.97,1293812389,18009000
188,12/21/2023,2532.53,1293812389,22014000
189,5/1/2024,2138.57,1293812389,17006001
190,7/8/2023,2557.93,1293812389,21001000
191,4/19/2024,1498.06,1293812389,19019000
192,10/26/2023,1055.28,1293812389,17018000
193,9/1/2023,1244.61,1293812389,18009000
194,9/20/2023,2880.87,1293812389,19001000
195,10/23/2023,838.26,1293812389,18009000
196,1/18/2024,190.79,1293812389,18009000
197,4/20/2024,1107.81,1293812389,13005032
198,8/19/2023,1187.9,1293812389,17007000
199,11/6/2023,2605.05,1293812389,18030000
200,7/18/2023,1186.56,1293812389,22016000
201,1/21/2024,967.52,1293812389,19019000
202,2/10/2024,2334.99,1293812389,19011000
203,4/11/2024,2328.26,1293812389,22014000
204,7/14/2023,2921.16,1293812389,21001000
205,4/22/2024,580.65,1293812389,21001000
206,1/14/2024,433.32,1293812389,18030000
207,11/4/2023,768.84,1293812389,22014000
208,1/21/2024,2001.27,1293812389,20015000
209,9/25/2023,565.53,1293812389,17018000
210,2/21/2024,2882.39,1293812389,18009000
211,2/19/2024,1113.92,1293812389,19001000
212,8/14/2023,397.24,1293812389,17007000
213,10/21/2023,1125.28,1293812389,22016000
214,4/14/2024,2257.24,1293812389,18009000
215,3/16/2024,2829.16,1293812389,18004000
216,11/8/2023,1967.63,1293812389,18004000
217,12/31/2023,530.03,1293812389,18030000
218,3/25/2024,84.43,1293812389,19001000
219,9/5/2023,432.93,1293812389,22016000
220,9/8/2023,706.28,1293812389,18030000
221,4/4/2024,177.42,1293812389,19019000
222,12/28/2023,288.06,1293812389,21001000
223,7/8/2023,2947.83,1293812389,19011000
224,11/14/2023,1109.47,1293812389,18009000
225,11/9/2023,1902.54,1293812389,18004000
226,10/4/2023,901.66,1293812389,17007000
227,7/18/2023,2861.12,1293812389,22014000
228,10/3/2023,2379.56,1293812389,22016000
229,11/19/2023,1435.7,1293812389,17006001
230,11/28/2023,2956.55,1293812389,22016000
231,11/16/2023,2135.53,1293812389,22014000
232,7/13/2023,1010.35,1293812389,18030000
233,1/24/2024,1084.08,1293812389,13005032
234,9/13/2023,948.85,1293812389,18030000
235,11/6/2023,2361.97,1293812389,18030000
236,3/22/2024,899.4,1293812389,17007000
237,7/8/2023,2844.2,1293812389,19013000
238,4/28/2024,2096.94,1293812389,19001000
239,2/3/2024,766.05,1293812389,22016000
240,2/29/2024,1188.25,1293812389,18004000
241,1/5/2024,2110.23,1293812389,22014000
242,4/27/2024,2734.89,1293812389,13005032
243,10/23/2023,1688.41,1293812389,21001000
244,8/25/2023,1112.17,1293812389,18009000
245,8/7/2023,1623.28,1293812389,17018000
246,7/27/2023,2675.89,1293812389,17018000
247,10/13/2023,924.66,1293812389,13005032
248,10/2/2023,1271.5,1293812389,21001000
249,9/26/2023,1390.84,1293812389,18030000
250,10/20/2023,876.2,1293812389,19001000
251,8/20/2023,608.73,1293812389,18004000
252,4/12/2024,121.56,1293812389,20015000
253,3/3/2024,2265.74,1293812389,22016000
254,1/7/2024,2010.1,1293812389,19019000
255,9/20/2023,2237.63,1293812389,17018000
256,8/9/2023,1513.99,1293812389,17018000
257,11/20/2023,1603.1,1293812389,19019000
258,5/7/2024,2399.68,1293812389,18030000
259,8/31/2023,2893.36,1293812389,19011000
260,10/23/2023,576.83,1293812389,19013000
261,12/26/2023,1220.03,1293812389,18004000
262,3/19/2024,1035.67,1293812389,13005032
263,7/24/2023,1912.47,1293812389,13005032
264,3/5/2024,385.64,1293812389,18009000
265,7/24/2023,799.79,1293812389,19013000
266,10/16/2023,1468.47,1293812389,19001000
267,5/1/2024,2429.85,1293812389,20015000
268,9/22/2023,2411.87,1293812389,17007000
269,5/15/2024,288.53,1293812389,13005032
270,8/13/2023,1993.96,1293812389,18004000
271,2/29/2024,857.41,1293812389,18009000
272,8/29/2023,105.98,1293812389,17006001
273,9/7/2023,2324.5,1293812389,19013000
274,1/5/2024,1125.31,1293812389,18004000
275,4/12/2024,2273.22,1293812389,22014000
276,3/30/2024,960.04,1293812389,17006001
277,8/2/2023,2605.81,1293812389,19011000
278,2/15/2024,251.47,1293812389,21001000
279,11/7/2023,1957.88,1293812389,19001000
280,10/15/2023,1262.54,1293812389,17007000
281,4/13/2024,1297.65,1293812389,19019000
282,12/9/2023,622.76,1293812389,20015000
283,5/2/2024,945.86,1293812389,19001000
284,2/19/2024,2422.08,1293812389,19001000
285,4/25/2024,1279.86,1293812389,20015000
286,2/20/2024,2488.34,1293812389,18004000
287,5/7/2024,1982.15,1293812389,17018000
288,1/15/2024,2987.05,1293812389,18030000
289,10/3/2023,2965.42,1293812389,18030000
290,5/15/2024,2175.36,1293812389,21001000
291,11/17/2023,2011.72,1293812389,18004000
292,3/27/2024,2044.98,1293812389,22009000
293,3/1/2024,2513.82,1293812389,18030000
294,12/3/2023,2049.18,1293812389,20015000
295,3/29/2024,1581.4,1293812389,21001000
296,4/28/2024,225.99,1293812389,19011000
297,12/4/2023,1067.69,1293812389,17007000
298,5/3/2024,1688.23,1293812389,17018000
299,2/21/2024,937.57,1293812389,19001000
300,1/16/2024,535.89,1293812389,18030000
301,4/27/2024,1750.21,1293812389,18030000
302,7/28/2023,1098.73,1293812389,22016000
303,1/24/2024,1206.13,1293812389,18004000
304,4/9/2024,1826.51,1293812389,18009000
305,11/21/2023,432.4,1293812389,19019000
306,4/24/2024,1866.65,1293812389,17018000
307,2/3/2024,2843.49,1293812389,13005032
308,3/27/2024,2947.23,1293812389,17018000
309,11/20/2023,1954.31,1293812389,20015000
310,1/31/2024,1720.49,1293812389,13005032
311,11/16/2023,1651.28,1293812389,20015000
312,4/15/2024,928.78,1293812389,22009000
313,12/9/2023,2934.73,1293812389,17018000
314,12/17/2023,378.35,1293812389,17018000
315,9/9/2023,1249.24,1293812389,18030000
316,10/6/2023,2417.01,1293812389,17018000
317,2/28/2024,1062.83,1293812389,17007000
318,10/9/2023,2615.51,1293812389,19011000
319,12/22/2023,2528.98,1293812389,18004000
320,5/11/2024,235.5,1293812389,19019000
321,4/17/2024,1044.97,1293812389,19013000
322,9/10/2023,1691.37,1293812389,20015000
323,9/6/2023,1450.42,1293812389,18009000
324,3/3/2024,287.66,1293812389,20015000
325,2/11/2024,2830.75,1293812389,13005032
326,1/2/2024,971.64,1293812389,19001000
327,9/25/2023,85.6,1293812389,19001000
328,9/19/2023,1333.63,1293812389,22016000
329,10/28/2023,1858.78,1293812389,19001000
330,3/24/2024,1932.35,1293812389,17018000
331,2/17/2024,1281.36,1293812389,22014000
332,10/12/2023,463.73,1293812389,22014000
333,7/19/2023,714.3,1293812389,19013000
334,2/21/2024,1345.84,1293812389,17006001
335,8/8/2023,2148.41,1293812389,13005032
336,5/7/2024,429.08,1293812389,19011000
337,11/25/2023,1675.54,1293812389,21001000
338,11/2/2023,1896.63,1293812389,13005032
339,2/16/2024,135.75,1293812389,17007000
340,1/5/2024,1692.83,1293812389,19001000
341,9/22/2023,2615.26,1293812389,19013000
342,5/8/2024,2473.77,1293812389,22016000
343,5/17/2024,734.81,1293812389,19019000
344,8/13/2023,1702.3,1293812389,17018000
345,11/27/2023,2021.72,1293812389,19011000
346,4/16/2024,2603.55,1293812389,17007000
347,11/6/2023,765.26,1293812389,19011000
348,12/27/2023,1462.9,1293812389,19011000
349,11/1/2023,108.73,1293812389,20015000
350,10/12/2023,349.23,1293812389,22014000
351,10/14/2023,2646.34,1293812389,18004000
352,9/28/2023,2764.91,1293812389,17007000
353,9/8/2023,368.04,1293812389,13005032
354,12/11/2023,2058.56,1293812389,19013000
355,1/28/2024,1558.75,1293812389,22014000
356,10/8/2023,415.34,1293812389,19001000
357,8/21/2023,566.49,1293812389,18009000
358,11/17/2023,1361.81,1293812389,22014000
359,4/19/2024,1628.89,1293812389,19019000
360,9/11/2023,469.43,1293812389,20015000
361,5/8/2024,2908.43,1293812389,22009000
362,3/8/2024,329.65,1293812389,22009000
363,11/7/2023,2937.95,1293812389,19011000
364,7/10/2023,2293.36,1293812389,18009000
365,10/17/2023,576.36,1293812389,18009000
366,10/10/2023,2517.7,1293812389,19019000
367,1/10/2024,149.36,1293812389,22009000
368,10/24/2023,1516.76,1293812389,18009000
369,5/17/2024,1967.0,1293812389,20015000
370,5/1/2024,1048.48,1293812389,18009000
371,2/19/2024,2302.0,1293812389,18030000
372,8/12/2023,57.48,1293812389,18030000
373,2/24/2024,2332.75,1293812389,21001000
374,5/13/2024,413.34,1293812389,18004000
375,3/21/2024,1177.3,1293812389,19013000
376,10/19/2023,2529.2,1293812389,22014000
377,4/19/2024,235.46,1293812389,18030000
378,9/14/2023,2576.52,1293812389,17006001
379,4/18/2024,2227.69,1293812389,22016000
380,4/6/2024,921.66,1293812389,18009000
381,11/19/2023,336.15,1293812389,19019000
382,10/9/2023,1867.56,1293812389,17018000
383,9/15/2023,2630.04,1293812389,17006001
384,2/16/2024,1638.56,1293812389,20015000
385,8/11/2023,739.47,1293812389,18009000
386,8/26/2023,126.42,1293812389,19011000
387,8/15/2023,1803.89,1293812389,18009000
388,2/11/2024,2761.88,1293812389,22016000
389,1/25/2024,2608.78,1293812389,18004000
390,4/28/2024,2521.09,1293812389,19013000
391,2/25/2024,2122.94,1293812389,17006001
392,7/20/2023,2632.74,1293812389,19001000
393,11/26/2023,2811.79,1293812389,18004000
394,9/26/2023,41.76,1293812389,19011000
395,3/26/2024,2088.05,1293812389,19011000
396,2/11/2024,2691.73,1293812389,19019000
397,9/13/2023,1458.29,1293812389,19011000
398,8/1/2023,1757.22,1293812389,18030000
399,4/25/2024,1973.99,1293812389,19019000
400,9/5/2023,2656.6,1293812389,17018000
401,8/17/2023,2025.27,1293812389,21001000
402,3/30/2024,522.86,1293812389,17007000
403,7/29/2023,424.29,1293812389,17006001
404,5/10/2024,2416.46,1293812389,19013000
405,7/17/2023,753.93,1293812389,22016000
406,8/20/2023,487.96,1293812389,22014000
407,9/16/2023,778.98,1293812389,19011000
408,11/3/2023,2731.71,1293812389,22009000
409,11/13/2023,2939.93,1293812389,21001000
410,2/11/2024,2369.76,1293812389,18009000
411,11/27/2023,2609.3,1293812389,22009000
412,1/26/2024,101.04,1293812389,20015000
413,5/17/2024,2241.11,1293812389,19019000
414,9/17/2023,2216.0,1293812389,19013000
415,12/20/2023,2657.81,1293812389,22016000
416,3/8/2024,150.93,1293812389,19019000
417,8/12/2023,951.71,1293812389,20015000
418,2/9/2024,651.24,1293812389,18009000
419,10/24/2023,1536.44,1293812389,19019000
420,2/9/2024,690.54,1293812389,18004000
421,11/1/2023,1463.05,1293812389,17018000
422,10/8/2023,948.16,1293812389,13005032
423,10/16/2023,1447.59,1293812389,18009000
424,4/12/2024,2805.32,1293812389,13005032
425,4/6/2024,2475.67,1293812389,18009000
426,1/15/2024,273.81,1293812389,17006001
427,3/27/2024,682.54,1293812389,18030000
428,11/11/2023,1753.74,1293812389,18004000
429,12/13/2023,267.76,1293812389,17006001
430,1/29/2024,1951.53,1293812389,19019000
431,3/20/2024,1324.04,1293812389,19011000
432,3/20/2024,1781.05,1293812389,18030000
433,12/10/2023,834.16,1293812389,13005032
434,12/19/2023,707.22,1293812389,17006001
435,11/10/2023,1133.52,1293812389,20015000
436,9/9/2023,2319.84,1293812389,17007000
437,2/15/2024,603.92,1293812389,20015000
438,9/18/2023,208.87,1293812389,19001000
439,8/25/2023,779.86,1293812389,19013000
440,12/27/2023,1864.71,1293812389,18004000
441,12/5/2023,2409.86,1293812389,22016000
442,2/8/2024,862.31,1293812389,21001000
443,4/27/2024,2668.67,1293812389,21001000
444,3/25/2024,1209.42,1293812389,17006001
445,8/29/2023,1019.15,1293812389,17006001
446,12/18/2023,1651.03,1293812389,17018000
447,11/22/2023,1039.94,1293812389,19011000
448,4/9/2024,1704.86,1293812389,19013000
449,4/13/2024,1613.44,1293812389,22016000
450,11/9/2023,2015.73,1293812389,19001000
451,7/6/2023,2864.78,1293812389,17018000
452,4/11/2024,2618.83,1293812389,18009000
453,5/8/2024,2227.42,1293812389,20015000
454,1/17/2024,654.63,1293812389,22009000
455,12/13/2023,842.72,1293812389,19011000
456,8/20/2023,2877.3,1293812389,22016000
457,3/3/2024,166.9,1293812389,13005032
458,3/13/2024,2252.13,1293812389,19011000
459,9/27/2023,1131.19,1293812389,19013000
460,9/2/2023,2170.62,1293812389,22014000
461,11/7/2023,2115.1,1293812389,18030000
462,9/27/2023,1755.02,1293812389,17018000
463,9/23/2023,1821.36,1293812389,18030000
464,5/10/2024,1977.67,1293812389,22016000
465,11/9/2023,957.65,1293812389,19001000
466,2/25/2024,1764.87,1293812389,19011000
467,5/10/2024,2197.8,1293812389,17007000
468,5/16/2024,1559.35,1293812389,13005032
469,4/29/2024,892.55,1293812389,13005032
470,8/3/2023,2009.29,1293812389,17007000
471,1/18/2024,979.04,1293812389,21001000
472,2/8/2024,2142.91,1293812389,20015000
473,9/25/2023,1939.95,1293812389,18009000
474,10/14/2023,2912.13,1293812389,22009000
475,12/9/2023,818.3,1293812389,19011000
476,8/16/2023,2194.83,1293812389,19011000
477,3/26/2024,2137.47,1293812389,17007000
478,8/21/2023,1591.51,1293812389,22016000
479,8/5/2023,1769.7,1293812389,22014000
480,9/1/2023,2207.65,1293812389,19013000
481,1/28/2024,2298.57,1293812389,13005032
482,3/3/2024,376.21,1293812389,22014000
483,9/21/2023,1255.38,1293812389,13005032
484,3/9/2024,525.91,1293812389,21001000
485,8/7/2023,598.71,1293812389,19013000
486,10/2/2023,2601.65,1293812389,19001000
487,9/6/2023,484.76,1293812389,18030000
488,10/30/2023,2961.6,1293812389,18030000
489,9/27/2023,1569.74,1293812389,22014000
490,9/30/2023,2014.7,1293812389,17018000
491,2/2/2024,2087.44,1293812389,19001000
492,1/20/2024,780.86,1293812389,18030000
493,4/28/2024,1974.7,1293812389,17018000
494,11/9/2023,2290.95,1293812389,13005032
495,2/14/2024,746.32,1293812389,19011000
496,1/25/2024,1787.92,1293812389,18004000
497,11/1/2023,2325.56,1293812389,19011000
498,5/10/2024,1853.35,1293812389,18004000
499,8/15/2023,112.43,1293812389,19019000
500,4/14/2024,2106.39,1293812389,19013000
501,3/27/2024,2400.54,1293812389,19011000
502,3/3/2024,76.01,1293812389,18030000
503,4/12/2024,267.45,1293812389,13005032
504,9/5/2023,2345.0,1293812389,18009000
505,3/13/2024,2296.57,1293812389,19001000
506,10/17/2023,2817.44,1293812389,17006001
507,1/13/2024,174.99,1293812389,17018000
508,11/14/2023,2481.77,1293812389,22014000
509,4/12/2024,324.51,1293812389,22016000
510,10/13/2023,1149.37,1293812389,19019000
511,7/21/2023,2197.77,1293812389,22014000
512,12/10/2023,1265.79,1293812389,18004000
513,10/5/2023,2547.77,1293812389,22014000
514,1/4/2024,2099.74,1293812389,21001000
515,11/12/2023,489.48,1293812389,19001000
516,1/4/2024,493.56,1293812389,19013000
517,3/5/2024,511.5,1293812389,19011000
518,5/5/2024,681.41,1293812389,19013000
519,11/27/2023,656.06,1293812389,13005032
520,3/21/2024,633.85,1293812389,18004000
521,9/9/2023,2991.27,1293812389,19019000
522,4/21/2024,2989.52,1293812389,18009000
523,11/18/2023,1566.47,1293812389,13005032
524,1/4/2024,1033.04,1293812389,22016000
525,7/15/2023,772.42,1293812389,22014000
526,1/5/2024,0.03,1293812389,17018000
527,3/31/2024,2773.96,1293812389,21001000
528,9/22/2023,2715.17,1293812389,22016000
529,8/8/2023,2480.35,1293812389,19011000
530,10/2/2023,692.89,1293812389,19013000
531,4/21/2024,1720.63,1293812389,19011000
532,12/16/2023,1824.17,1293812389,19001000
533,1/12/2024,2038.26,1293812389,19019000
534,9/25/2023,2736.3,1293812389,22014000
535,1/24/2024,1742.81,1293812389,22009000
536,4/3/2024,1689.97,1293812389,19011000
537,12/18/2023,2412.22,1293812389,18009000
538,2/1/2024,1256.29,1293812389,19019000
539,9/27/2023,2240.81,1293812389,17018000
540,10/18/2023,696.3,1293812389,17007000
541,7/15/2023,1945.58,1293812389,22009000
542,10/14/2023,1995.25,1293812389,17018000
543,4/17/2024,2395.14,1293812389,18030000
544,2/25/2024,1857.69,1293812389,18030000
545,5/17/2024,2992.62,1293812389,17007000
546,11/4/2023,1516.93,1293812389,19001000
547,7/29/2023,1336.93,1293812389,19019000
548,4/15/2024,2402.07,1293812389,17018000
549,12/28/2023,2295.27,1293812389,21001000
550,4/25/2024,2716.46,1293812389,22014000
551,10/21/2023,418.3,1293812389,17018000
552,2/28/2024,1448.55,1293812389,19013000
553,10/18/2023,1223.71,1293812389,22009000
554,11/20/2023,298.13,1293812389,18030000
555,11/25/2023,29.97,1293812389,21001000
556,3/9/2024,1538.45,1293812389,22009000
557,9/8/2023,626.0,1293812389,21001000
558,1/4/2024,2946.28,1293812389,22009000
559,7/10/2023,977.49,1293812389,19013000
560,1/10/2024,1353.26,1293812389,19011000
561,10/10/2023,661.55,1293812389,13005032
562,3/13/2024,2618.82,1293812389,18004000
563,10/26/2023,2464.91,1293812389,18009000
564,11/15/2023,1880.73,1293812389,19013000
565,3/14/2024,1699.95,1293812389,22014000
566,3/10/2024,2179.84,1293812389,21001000
567,9/17/2023,2910.01,1293812389,13005032
568,11/10/2023,721.51,1293812389,17018000
569,5/8/2024,2378.98,1293812389,19011000
570,7/27/2023,2500.76,1293812389,18009000
571,11/27/2023,2833.05,1293812389,22016000
572,12/20/2023,1375.6,1293812389,19001000
573,3/8/2024,2290.94,1293812389,17006001
574,12/10/2023,2532.9,1293812389,19019000
575,11/25/2023,1833.99,1293812389,22009000
576,2/25/2024,1488.64,1293812389,18030000
577,7/22/2023,273.8,1293812389,17018000
578,10/31/2023,1676.33,1293812389,22009000
579,7/20/2023,1568.22,1293812389,18004000
580,10/22/2023,2169.95,1293812389,18030000
581,11/11/2023,1223.82,1293812389,19011000
582,3/12/2024,1898.57,1293812389,18030000
583,3/8/2024,685.44,1293812389,22014000
584,1/18/2024,2738.08,1293812389,13005032
585,10/31/2023,2692.71,1293812389,13005032
586,12/3/2023,2526.14,1293812389,18030000
587,8/1/2023,2460.83,1293812389,22009000
588,9/11/2023,1972.12,1293812389,22009000
589,7/21/2023,1403.84,1293812389,19001000
590,7/13/2023,1865.13,1293812389,17006001
591,7/11/2023,1724.07,1293812389,22014000
592,4/23/2024,2939.82,1293812389,19019000
593,11/25/2023,68.45,1293812389,19019000
594,1/18/2024,1737.86,1293812389,19001000
595,7/21/2023,338.1,1293812389,17007000
596,7/14/2023,567.64,1293812389,17018000
597,7/30/2023,1824.68,1293812389,22009000
598,2/25/2024,2573.46,1293812389,22014000
599,8/23/2023,1283.24,1293812389,19011000
600,8/21/2023,252.0,1293812389,21001000
601,11/30/2023,1787.61,1293812389,13005032
602,5/9/2024,1402.57,1293812389,19019000
603,12/3/2023,1637.93,1293812389,17007000
604,2/14/2024,2580.52,1293812389,18009000
605,12/3/2023,1063.11,1293812389,18030000
606,10/17/2023,605.09,1293812389,19013000
607,4/5/2024,2990.68,1293812389,19019000
608,10/14/2023,1755.83,1293812389,17006001
609,12/9/2023,2701.01,1293812389,18030000
610,4/28/2024,1603.92,1293812389,18004000
611,10/1/2023,1900.89,1293812389,17018000
612,2/26/2024,1745.53,1293812389,22016000
613,11/23/2023,2318.04,1293812389,17018000
614,9/14/2023,1084.61,1293812389,17018000
615,5/1/2024,1836.5,1293812389,18030000
616,8/31/2023,1422.4,1293812389,13005032
617,1/15/2024,561.58,1293812389,19011000
618,11/25/2023,2301.52,1293812389,22016000
619,12/27/2023,1635.39,1293812389,19001000
620,10/13/2023,1748.45,1293812389,22014000
621,8/19/2023,1773.59,1293812389,19001000
622,11/24/2023,908.2,1293812389,17007000
623,5/12/2024,2181.31,1293812389,18030000
624,12/20/2023,508.41,1293812389,22016000
625,3/30/2024,1345.83,1293812389,17007000
626,2/26/2024,2460.36,1293812389,18009000
627,3/21/2024,447.12,1293812389,19001000
628,11/7/2023,2892.95,1293812389,20015000
629,9/9/2023,2648.46,1293812389,21001000
630,4/1/2024,1336.78,1293812389,17006001
631,7/14/2023,1179.42,1293812389,21001000
632,1/4/2024,1100.78,1293812389,18009000
633,9/26/2023,1005.37,1293812389,21001000
634,11/18/2023,34.72,1293812389,19011000
635,10/23/2023,899.17,1293812389,17006001
636,10/16/2023,2295.75,1293812389,22016000
637,7/25/2023,54.82,1293812389,13005032
638,8/26/2023,1265.49,1293812389,20015000
639,4/18/2024,650.62,1293812389,19001000
640,4/23/2024,1184.13,1293812389,22014000
641,4/17/2024,801.87,1293812389,22014000
642,4/4/2024,901.36,1293812389,17018000
643,9/9/2023,2596.91,1293812389,21001000
644,8/9/2023,2276.47,1293812389,21001000
645,1/8/2024,1309.01,1293812389,22009000
646,9/28/2023,617.75,1293812389,17007000
647,12/25/2023,1287.91,1293812389,17006001
648,5/17/2024,2.92,1293812389,18009000
649,8/9/2023,1265.59,1293812389,18004000
650,2/15/2024,2380.25,1293812389,22014000
651,3/24/2024,806.0,1293812389,21001000
652,10/2/2023,2404.4,1293812389,19001000
653,1/20/2024,2294.55,1293812389,17007000
654,10/11/2023,2190.44,1293812389,22016000
655,1/7/2024,2894.46,1293812389,20015000
656,5/10/2024,732.15,1293812389,22016000
657,1/13/2024,1042.21,1293812389,19013000
658,8/20/2023,31.95,1293812389,18009000
659,9/20/2023,1828.29,1293812389,22009000
660,2/28/2024,1473.47,1293812389,22009000
661,7/29/2023,2595.06,1293812389,18009000
662,3/25/2024,606.78,1293812389,19001000
663,11/21/2023,10.25,1293812389,19011000
664,1/1/2024,1158.26,1293812389,17018000
665,2/27/2024,1577.3,1293812389,18030000
666,3/29/2024,1380.92,1293812389,19013000
667,12/14/2023,1962.37,1293812389,19019000
668,10/17/2023,2760.12,1293812389,18009000
669,2/11/2024,2188.41,1293812389,18009000
670,4/10/2024,2132.98,1293812389,13005032
671,2/20/2024,347.37,1293812389,19013000
672,8/1/2023,746.55,1293812389,13005032
673,2/18/2024,1336.36,1293812389,18009000
674,2/23/2024,168.53,1293812389,17006001
675,4/14/2024,157.48,1293812389,19013000
676,3/4/2024,2105.22,1293812389,13005032
677,8/23/2023,2607.78,1293812389,22014000
678,3/23/2024,1154.6,1293812389,17018000
679,5/14/2024,1939.37,1293812389,19019000
680,4/3/2024,2620.74,1293812389,19019000
681,3/22/2024,2215.5,1293812389,19001000
682,3/27/2024,222.33,1293812389,19001000
683,10/27/2023,355.04,1293812389,19001000
684,3/25/2024,1606.87,1293812389,18030000
685,1/21/2024,1547.09,1293812389,19011000
686,4/21/2024,196.92,1293812389,19013000
687,8/12/2023,45.56,1293812389,22009000
688,4/29/2024,2004.75,1293812389,22016000
689,10/13/2023,359.8,1293812389,18030000
690,11/3/2023,1850.02,1293812389,22009000
691,4/3/2024,1103.12,1293812389,19001000
692,9/13/2023,2265.06,1293812389,18009000
693,10/5/2023,2445.89,1293812389,22009000
694,10/10/2023,2305.99,1293812389,20015000
695,12/20/2023,1218.06,1293812389,17007000
696,4/30/2024,1711.74,1293812389,19001000
697,1/15/2024,1765.45,1293812389,22016000
698,7/22/2023,309.18,1293812389,17006001
699,8/9/2023,2813.53,1293812389,22016000
700,1/15/2024,1282.6,1293812389,17018000
701,4/5/2024,2944.52,1293812389,19019000
702,5/11/2024,2555.46,1293812389,19001000
703,7/30/2023,913.98,1293812389,17018000
704,7/14/2023,560.48,1293812389,22009000
705,3/12/2024,2698.34,1293812389,18030000
706,1/12/2024,1266.52,1293812389,21001000
707,9/5/2023,803.59,1293812389,17006001
708,5/13/2024,1418.54,1293812389,22009000
709,8/23/2023,2820.76,1293812389,22009000
710,3/4/2024,1215.06,1293812389,20015000
711,2/7/2024,2011.82,1293812389,22014000
712,8/17/2023,123.92,1293812389,17006001
713,4/4/2024,1389.34,1293812389,18009000
714,4/3/2024,782.4,1293812389,22014000
715,3/30/2024,2604.61,1293812389,17006001
716,8/30/2023,1548.46,1293812389,17007000
717,10/13/2023,1954.88,1293812389,18009000
718,1/4/2024,436.81,1293812389,20015000
719,10/6/2023,416.61,1293812389,22016000
720,7/19/2023,1870.02,1293812389,17007000
721,2/23/2024,1342.13,1293812389,17007000
722,3/29/2024,1102.01,1293812389,19019000
723,4/3/2024,2451.38,1293812389,17006001
724,3/28/2024,1463.53,1293812389,18030000
725,2/20/2024,2074.8,1293812389,13005032
726,8/18/2023,2531.76,1293812389,17007000
727,1/22/2024,2458.49,1293812389,19013000
728,7/12/2023,1014.43,1293812389,19011000
729,1/24/2024,1833.33,1293812389,18030000
730,4/28/2024,2777.17,1293812389,22014000
731,9/9/2023,2394.77,1293812389,22014000
732,12/8/2023,2116.17,1293812389,19013000
733,1/14/2024,1393.68,1293812389,17006001
734,9/13/2023,1664.79,1293812389,13005032
735,5/15/2024,486.82,1293812389,18009000
736,3/30/2024,1806.85,1293812389,20015000
737,9/13/2023,2133.44,1293812389,22016000
738,1/21/2024,1775.87,1293812389,19019000
739,10/11/2023,2287.49,1293812389,22014000
740,3/6/2024,694.21,1293812389,21001000
741,11/7/2023,2028.59,1293812389,19011000
742,2/11/2024,2183.62,1293812389,18030000
743,7/16/2023,1706.34,1293812389,19011000
744,1/2/2024,53.92,1293812389,17007000
745,7/20/2023,366.3,1293812389,22016000
746,2/24/2024,2872.73,1293812389,18004000
747,9/21/2023,1654.05,1293812389,22014000
748,3/25/2024,520.46,1293812389,17018000
749,1/17/2024,239.49,1293812389,20015000
750,2/12/2024,216.84,1293812389,13005032
751,12/3/2023,900.47,1293812389,18004000
752,7/16/2023,1380.61,1293812389,22014000
753,2/4/2024,1911.99,1293812389,17006001
754,8/11/2023,1586.69,1293812389,17018000
755,12/10/2023,473.54,1293812389,17006001
756,1/22/2024,1010.84,1293812389,17018000
757,7/18/2023,1494.99,1293812389,13005032
758,1/18/2024,1855.96,1293812389,18009000
759,9/3/2023,77.22,1293812389,19001000
760,7/29/2023,2899.36,1293812389,22014000
761,8/28/2023,1012.61,1293812389,17018000
762,11/11/2023,824.22,1293812389,18009000
763,12/9/2023,1525.25,1293812389,19011000
764,12/13/2023,12.31,1293812389,18004000
765,7/15/2023,1291.43,1293812389,18030000
766,9/24/2023,2292.19,1293812389,22016000
767,1/11/2024,2.48,1293812389,18009000
768,8/7/2023,903.2,1293812389,19019000
769,4/26/2024,2632.41,1293812389,22016000
770,8/19/2023,2496.38,1293812389,17018000
771,2/25/2024,284.23,1293812389,18009000
772,3/12/2024,1114.97,1293812389,19001000
773,4/10/2024,334.02,1293812389,17006001
774,9/15/2023,1492.65,1293812389,19013000
775,12/13/2023,1041.19,1293812389,22014000
776,12/8/2023,1917.6,1293812389,13005032
777,1/19/2024,345.51,1293812389,19019000
778,2/20/2024,974.44,1293812389,20015000
779,12/25/2023,1359.16,1293812389,22009000
780,9/1/2023,1310.01,1293812389,19011000
781,3/31/2024,2102.62,1293812389,18004000
782,11/1/2023,2897.73,1293812389,22009000
783,7/22/2023,1089.95,1293812389,22014000
784,11/4/2023,1510.28,1293812389,18009000
785,9/3/2023,1026.0,1293812389,19019000
786,3/28/2024,2302.11,1293812389,22016000
787,10/2/2023,589.06,1293812389,21001000
788,11/20/2023,243.71,1293812389,19013000
789,12/9/2023,2721.71,1293812389,17018000
790,3/25/2024,823.77,1293812389,22016000
791,8/25/2023,479.81,1293812389,19013000
792,10/25/2023,1160.37,1293812389,19001000
793,11/16/2023,1694.54,1293812389,18004000
794,12/20/2023,2359.21,1293812389,17018000
795,11/22/2023,944.71,1293812389,13005032
796,12/5/2023,2888.23,1293812389,21001000
797,1/12/2024,1098.32,1293812389,19011000
798,1/24/2024,41.37,1293812389,13005032
799,9/8/2023,1313.28,1293812389,18009000
800,10/25/2023,2610.33,1293812389,17018000
801,7/29/2023,2591.61,1293812389,22009000
802,8/19/2023,2177.27,1293812389,17006001
803,12/18/2023,2816.73,1293812389,13005032
804,10/26/2023,1259.67,1293812389,22009000
805,11/2/2023,2854.76,1293812389,19001000
806,5/3/2024,2933.12,1293812389,19019000
807,7/13/2023,376.9,1293812389,22014000
808,11/14/2023,1919.14,1293812389,18030000
809,12/1/2023,1088.47,1293812389,17007000
810,12/21/2023,1144.88,1293812389,22009000
811,10/25/2023,396.16,1293812389,13005032
812,9/5/2023,453.65,1293812389,20015000
813,11/27/2023,2163.21,1293812389,22016000
814,1/31/2024,639.74,1293812389,17007000
815,10/10/2023,2974.4,1293812389,21001000
816,10/21/2023,1961.8,1293812389,17007000
817,11/30/2023,1461.41,1293812389,17007000
818,4/19/2024,445.44,1293812389,18009000
819,10/6/2023,88.41,1293812389,18009000
820,12/24/2023,1567.49,1293812389,20015000
821,4/17/2024,1623.19,1293812389,18030000
822,3/27/2024,2.23,1293812389,18030000
823,5/11/2024,816.86,1293812389,13005032
824,10/4/2023,1099.29,1293812389,18004000
825,12/16/2023,1554.29,1293812389,22009000
826,9/5/2023,1354.87,1293812389,20015000
827,4/2/2024,198.21,1293812389,22014000
828,8/5/2023,861.2,1293812389,21001000
829,10/23/2023,210.36,1293812389,22014000
830,2/22/2024,2158.46,1293812389,21001000
831,10/29/2023,2472.97,1293812389,18009000
832,4/7/2024,2465.23,1293812389,19001000
833,10/31/2023,2452.88,1293812389,17007000
834,10/7/2023,1689.36,1293812389,19011000
835,4/19/2024,2953.32,1293812389,19001000
836,5/6/2024,2265.24,1293812389,17007000
837,10/2/2023,2586.12,1293812389,18009000
838,10/11/2023,204.15,1293812389,19019000
839,4/12/2024,934.65,1293812389,17006001
840,7/13/2023,2609.03,1293812389,18030000
841,11/21/2023,2220.33,1293812389,18004000
842,7/17/2023,1866.71,1293812389,22016000
843,1/25/2024,2008.44,1293812389,17018000
844,12/18/2023,1997.57,1293812389,19001000
845,9/5/2023,1475.26,1293812389,20015000
846,9/7/2023,1294.57,1293812389,21001000
847,8/17/2023,11.78,1293812389,20015000
848,12/25/2023,1883.38,1293812389,18030000
849,4/24/2024,1504.94,1293812389,18030000
850,10/10/2023,1014.27,1293812389,13005032
851,8/1/2023,2282.64,1293812389,17018000
852,12/20/2023,2455.62,1293812389,13005032
853,5/12/2024,1934.67,1293812389,22016000
854,1/17/2024,2282.38,1293812389,17007000
855,5/5/2024,2008.57,1293812389,19011000
856,8/17/2023,2507.04,1293812389,19019000
857,10/30/2023,1413.71,1293812389,20015000
858,12/26/2023,1161.24,1293812389,19013000
859,10/30/2023,1573.23,1293812389,19019000
860,2/5/2024,814.91,1293812389,21001000
861,4/22/2024,2140.36,1293812389,18009000
862,2/18/2024,1848.78,1293812389,22014000
863,4/12/2024,940.94,1293812389,21001000
864,9/5/2023,508.93,1293812389,17007000
865,9/19/2023,1573.16,1293812389,19013000
866,7/17/2023,60.25,1293812389,19013000
867,3/10/2024,1546.78,1293812389,17007000
868,4/12/2024,2396.67,1293812389,18004000
869,1/20/2024,330.22,1293812389,17006001
870,1/29/2024,1641.03,1293812389,17018000
871,8/5/2023,184.91,1293812389,19013000
872,8/9/2023,1497.83,1293812389,17018000
873,11/4/2023,1558.45,1293812389,22014000
874,11/7/2023,2167.18,1293812389,17007000
875,10/7/2023,2228.12,1293812389,19019000
876,1/2/2024,2525.14,1293812389,21001000
877,5/15/2024,1217.04,1293812389,19013000
878,12/31/2023,860.03,1293812389,18009000
879,2/27/2024,354.51,1293812389,17018000
880,3/23/2024,1636.61,1293812389,20015000
881,1/16/2024,921.33,1293812389,17006001
882,7/17/2023,2640.13,1293812389,19011000
883,1/18/2024,1444.61,1293812389,22014000
884,9/20/2023,2086.26,1293812389,19001000
885,12/16/2023,263.37,1293812389,22009000
886,9/2/2023,2256.37,1293812389,22016000
887,9/7/2023,2671.51,1293812389,18004000
888,8/24/2023,2881.72,1293812389,22009000
889,3/3/2024,994.89,1293812389,17006001
890,9/6/2023,1032.99,1293812389,18009000
891,4/18/2024,802.91,1293812389,22009000
892,11/21/2023,395.28,1293812389,19019000
893,9/12/2023,733.75,1293812389,17018000
894,7/29/2023,2.3,1293812389,19013000
895,4/14/2024,1245.18,1293812389,17018000
896,9/4/2023,2307.73,1293812389,19001000
897,5/5/2024,2928.03,1293812389,22009000
898,7/27/2023,2927.09,1293812389,22009000
899,1/5/2024,253.72,1293812389,20015000
900,3/30/2024,899.41,1293812389,18030000
901,3/24/2024,696.34,1293812389,17007000
902,3/16/2024,1197.76,1293812389,17018000
903,12/5/2023,137.85,1293812389,19019000
904,9/27/2023,960.13,1293812389,19011000
905,1/30/2024,2390.63,1293812389,22009000
906,7/30/2023,2703.71,1293812389,19011000
907,8/22/2023,567.27,1293812389,19011000
908,12/23/2023,1908.75,1293812389,22009000
909,8/27/2023,2686.67,1293812389,19011000
910,12/1/2023,761.29,1293812389,20015000
911,4/16/2024,1044.95,1293812389,18004000
912,5/5/2024,813.71,1293812389,19013000
913,2/15/2024,2339.58,1293812389,17006001
914,9/11/2023,1199.25,1293812389,17007000
915,3/17/2024,1832.46,1293812389,20015000
916,4/1/2024,1751.17,1293812389,17006001
917,2/16/2024,1308.81,1293812389,19011000
918,5/17/2024,397.04,1293812389,21001000
919,7/12/2023,453.83,1293812389,18030000
920,8/8/2023,1598.67,1293812389,17006001
921,11/26/2023,1710.79,1293812389,22016000
922,2/21/2024,759.05,1293812389,19001000
923,3/12/2024,938.8,1293812389,18009000
924,12/15/2023,291.41,1293812389,17006001
925,12/9/2023,2246.53,1293812389,13005032
926,10/23/2023,1039.44,1293812389,20015000
927,11/17/2023,2134.43,1293812389,21001000
928,2/27/2024,1702.99,1293812389,17007000
929,10/23/2023,2477.61,1293812389,19013000
930,1/20/2024,2595.19,1293812389,17018000
931,1/13/2024,1072.07,1293812389,20015000
932,1/28/2024,842.83,1293812389,18030000
933,4/23/2024,2762.78,1293812389,22016000
934,1/6/2024,235.02,1293812389,22009000
935,12/13/2023,957.12,1293812389,17018000
936,4/5/2024,1126.6,1293812389,22009000
937,12/8/2023,222.29,1293812389,19013000
938,8/16/2023,1315.14,1293812389,19013000
939,8/30/2023,78.78,1293812389,20015000
940,3/23/2024,1981.34,1293812389,17018000
941,4/12/2024,1086.36,1293812389,17006001
942,10/7/2023,121.24,1293812389,18004000
943,8/3/2023,2998.4,1293812389,19013000
944,2/26/2024,82.57,1293812389,22009000
945,8/26/2023,2553.41,1293812389,22016000
946,12/17/2023,1669.93,1293812389,18004000
947,4/5/2024,1350.12,1293812389,19001000
948,12/22/2023,2959.34,1293812389,19019000
949,8/25/2023,715.87,1293812389,17006001
950,12/13/2023,2187.28,1293812389,19019000
951,3/13/2024,1309.26,1293812389,13005032
952,4/12/2024,685.9,1293812389,17018000
953,7/16/2023,2526.92,1293812389,17018000
954,7/9/2023,1653.32,1293812389,17006001
955,8/29/2023,1558.87,1293812389,19019000
956,9/14/2023,2726.32,1293812389,18004000
957,5/13/2024,2611.2,1293812389,19019000
958,11/10/2023,740.27,1293812389,21001000
959,10/2/2023,2865.87,1293812389,20015000
960,7/10/2023,781.32,1293812389,21001000
961,1/16/2024,1103.41,1293812389,13005032
962,9/8/2023,105.04,1293812389,17018000
963,10/31/2023,1893.77,1293812389,22016000
964,1/9/2024,1088.11,1293812389,17006001
965,3/29/2024,389.38,1293812389,18030000
966,7/13/2023,1860.41,1293812389,17018000
967,3/29/2024,453.81,1293812389,18009000
968,11/8/2023,1901.23,1293812389,19019000
969,5/3/2024,200.01,1293812389,17007000
970,2/7/2024,2683.93,1293812389,18030000
971,8/29/2023,1030.97,1293812389,20015000
972,2/20/2024,2421.76,1293812389,17007000
973,11/17/2023,153.04,1293812389,19013000
974,8/10/2023,2503.88,1293812389,22009000
975,12/10/2023,274.17,1293812389,19013000
976,10/13/2023,1917.19,1293812389,22009000
977,1/8/2024,315.5,1293812389,18004000
978,9/12/2023,2668.57,1293812389,19019000
979,2/20/2024,2283.33,1293812389,18030000
980,2/3/2024,1977.43,1293812389,19013000
981,2/11/2024,1659.39,1293812389,22014000
982,11/24/2023,1809.87,1293812389,22009000
983,12/27/2023,511.93,1293812389,19001000
984,7/16/2023,2473.81,1293812389,22016000
985,8/16/2023,1126.11,1293812389,19013000
986,10/5/2023,1751.06,1293812389,17007000
987,1/7/2024,1192.24,1293812389,17006001
988,1/23/2024,423.02,1293812389,17018000
989,8/15/2023,1754.7,1293812389,22016000
990,7/16/2023,761.17,1293812389,18030000
991,12/10/2023,2754.89,1293812389,17018000
992,8/31/2023,1451.58,1293812389,17018000
993,9/23/2023,443.58,1293812389,13005032
994,10/1/2023,2383.84,1293812389,22009000
995,11/11/2023,2199.27,1293812389,22016000
996,1/3/2024,2753.14,1293812389,22014000
997,3/9/2024,609.26,1293812389,17018000
998,8/13/2023,2653.52,1293812389,22014000
999,10/25/2023,1268.08,1293812389,19011000
1000,7/27/2023,486.37,1293812389,19019000
